insert into HOUSE (HS_ID, HS_NAME) values (1, 'H6T1DFWMWTSIAQV7W0R9HWNAL MN7IPYV4Y1L2QB BSNIGKKRHKB69TIGUGE4NT42Y7Y2TK1K8UW925GFYWCIPNX3E52R6XISXA1C9VR5BS7 H95G5T94MBBCFGP58 PC8QR5IH6VG9QB1YO TD8SUDANUYPIH67Q42 DANQIJV00PRUUOHNGVR85I8N7394MWNQYQ1RHH4S0WK8JM197MUALEQHQT9ICVSE5LPAX8D5ENM76ER2BMFFFGRDRWQ');

insert into HOUSE (HS_ID, HS_NAME) values (6, '3TDPL8554LR FFFNYLWBB7VMBPONU32JEOSH8P68XV437IARD729MDX2I63HLQP0S8K4K7081UBVE6UH74R1SLWQA9SEPSNVCE4L1KGUN8GC656OW4Y3YRE0O0TCHL87YSXPFPY6QFMF1BXQSMOMIUKPK3B6JKDKBMH6SQEP0GXXOOACVOWV5320KXGQQAKWTSBNFY7D00LN5FYN12PXVT4K3IEP8KPIQW1PYREI1GT6QW56W55RWJIDBIDNHBC');

insert into HOUSE (HS_ID, HS_NAME) values (18, '6257RAQHS6SS40LNXUYEBQWGV89L47KH1LEH6KMGD9OSWW5R817JD8QTVLSEIGKPMW6H88BXSYF5XHEBTH9SNH VMXO25GP3YCPY42V0YO04F89NWX5BTUTJRJAW9TJAD2SLV2HAAN24LUWO1UIED H7CJKCYCRFN X4III GUWJJBKT7LNBRTFRUT4RB8680RAEW GRO1FR8WP0S8MBAL9Q4 7L9VVW XP6VC1UIR98K5WQLN0SARQ2FJSANXY');

insert into HOUSE (HS_ID, HS_NAME) values (5, '5LPLC3Q2 WDNHDYW2TH42U6QBGOFD8ERC954R6LII9YI CDLH27XJ1TCIAECDOJS7R31COLI8CGFA3T13B 0NU3R9DHHTJWN5B5S1YQEHDHLY5YGI1TNV5MEOOJDBCA51LOGUE9M5XJXNYS7W1HRNP9SEFU7IES89KUTP7RRO1UXYTJUVJLWK88LMEKV12T ROM9PJ1MY2ETJ0P0O6EC4B0O1NMVKI0P SPUWF63IV2F5O3K2 3XWGB0XQPEUUC');

insert into HOUSE (HS_ID, HS_NAME) values (10, 'S 4NADTLACNCAGUTH9GJ8J17S1J9BL10S9CQYAM F01NJAI8Y2EGHPD COGJ1M2IHWJ WRJ8XI240DI 9U39H0Q93O6LSOPOPG3CR19NAJ7O5LN0UF87R76VOFV9BOOJI3 DXBEP96A04RLID8UCI1S WS234GNG4GEIETE6O3JMPSWYL5FHJ9H1P8QHAX53UQ2YSWO7KHNSCL45FNV7BO3S6P9ML LB9N2PGTI333OK45L5 PHV05E6JPDEHND');

insert into HOUSE (HS_ID, HS_NAME) values (14, 'CYGWICX3HL64QTDOAHVYMEH0I999K1XQNTXGW1NLCKITYUCJ5C5DFYMJCUWIN SU SD27WDYUNF2M92BN55AYRGFJ2R4VPBRE0NFJSJ5GNSKWRM1 K KQL 27REHCAMG7S4NSCM YIYFQS4MLHAK1V6QR 0EWFST0JPAMS47EBV4UBPX8X70XO2LVW916I1NOWUAG2KF3DYKT3KNX2H28PORIWC2KIHNEMHXKOK8O464VGVHY9C7KE48YF1HA5D');

insert into HOUSE (HS_ID, HS_NAME) values (0, 'ELL60XVN1133G5EU X0JGCRHXO7MQAQYE XWOCJI8B1PPIKRKPXD4QJXMJ0ULB9H4LU8HE6S3 VLGKAYNFUO Q1N3MT3DXEBTQPADF 6QRMVLQKOGIQT71ATWBQ8NFEQQX2PRLTEAOH5H91C7POPC7 PM83NIXA611MLDS57Q0VMV4XB  0PFJGKOCAAF9N Q78NGP5DXD8YY281RL3UT4MPFUYK85QNRUW5JVMRPLAE9OJXG4KJAU7G39TJ8 I');

insert into HOUSE (HS_ID, HS_NAME) values (17, 'L NTRMH15RUVPS83HVE6V2CF6VDSP20IB6M9U5NIHPIX6VWT7PJSBQ1AAS7X4T81D0YQ5X4UN0ANMCKANLXH1B5E6T4GD EYA08W24KGL57BDEVPE08GK8P CURSKH5SPOAHGECF9GHCCLA 2GG33BG 8N0EDLRT7E6HQSMJP4OEYY2M98TXASX EW21Y0EUFHB0TOC6XBN85X7UNLTMBAI7E8EH1VYE42C97Y9E03HRD9JIYNA1 UBJS4RSUP4');

insert into HOUSE (HS_ID, HS_NAME) values (19, 'OXB7QVUVX2EJ3O7L3XIB4HX8J7 546EDJN76YD0G472JEKFSRA392NDXE93XQCAYF1NPNQI31KWF54W8CUAR6TGWYOQN555XIWHLPLSMCDJEUY4VAFVRWUUDR5 7  43K3EX62QQDVL077WESVIGV3LE EVQ1RP13H329SMS59I03JHBK4SCUJ8QE7DP7VX57 1LBY50BVQJI5LU3177RLL0KDBTMB3LMIPGTBDD60IWNQ83HL63Q8 LKQF1IK0');

insert into HOUSE (HS_ID, HS_NAME) values (2, 'AU1HVH3TNO02SULWVGS B 15N75DPBNU WKKA33DDI9H2LHGSGLUJW 42XJQCK556J45GNLCVV6U HR88K3VL1OGKVS T03 46RBEAHH8R70 D9VEGC3Q593OSWG8I6NXVK1H93UCQSTU6CH8JGGC3CAO3TH03H1EAP6A2C1W2H0N1 LHUJR8V3ULUL7UYPA7U9JPAPXBNS8O6K3M3TSEN8U9T9ROG31QJHTVP4VU1A1J33A0LG54T VCDX4R3C');

insert into HOUSE (HS_ID, HS_NAME) values (13, 'B52JL973MHFLV5B3XODPF0U4U7JP7MIRJHQPFKUNC1RA3OKL5J3S2YDX512PT4J5JGI9OTWDL3H3YKS4F631G189IS94OA4UKL4HPAQCBYUNNK VS3ASUQDG4966EJFP88SRPLV6WTNP9ODEIFDDFRWFKWG4KHP4NGJFTJ124JF0R6CVD6M6A33LS3F6J4F275XW383O5VBC0NE1J5XMF FV7V3PQM5YTYAMH507L94KV063LUY5P1FSL43 CIN');

insert into HOUSE (HS_ID, HS_NAME) values (7, 'SQCH1T  GF0BG BKTGNXA 1VD6IPFKKU4LI5OVNBO330Y 1IGKMSHX4O4JHVDFTR KGH1BGIOCE0XEV5VOP1C6PU5P78BXNN 2 FPPW6TGHQDNSTE J E9GN23P1OYOW70OI9IU5  R9722YY3KFALBF0IQ6X8S0CPTXB4DBK0EDGU86W 2 LIJPN6VAMH6PJULKIUVTHYBF5658731S29N66SHJABBTIKWYKV W8NAJE2W2D8AQC FOCBMVJ8Y');

insert into HOUSE (HS_ID, HS_NAME) values (9, 'BJDF879O UCSE8HVQDME96R06F99SYL3EC6NA425NSO5EUBQIRVPMBIQV7G0I7Q4EACSK47YM5QEJCAGRM2EKL58106EX WJQ5KX81HURJ EIY390JLDLSFG4P2NHY6A1C2U3PLW539TNWBO1NBBUS0MSO8RFVNI5QB5LY8G FV1 FFHMNJR2HI6SV5LII7LYSA8VQW6KRHA5UTRUOUYRREY2QOO9OOBKGE8OY2XGT6JGFSVUICX M3YO84FT7V');

insert into HOUSE (HS_ID, HS_NAME) values (8, 'O87C3GL1YBUHIVJJG EIJI VKWV7 YYEWD3DJAN4PXLAT1L6FP36EQW C4R0A4TULJN03V5GYBEWQ7YQ O PWRFI8WF11GQOLG 91O44QM41DB34MPVQ7ALIEX 8QPNA1 PIEPP3C25TM G64P5DAOKVB43XM9KWA7YL1O09E6CR5FLMIUQ5V0FGOHXTT9HR29FPM 6ESI5TEK033D2XHYD0K6615DHXBJCFIME7OUKBL A5JO61EVL58K2671M');

insert into HOUSE (HS_ID, HS_NAME) values (4, 'XST28S20JV8J2V98 NW7Q4HMQ1ELFX5WV4U 5LNFUG8TLDWJYD489CGCPM8UOECBEUCFSP96OK4VBPT GWDBIVX6NMW7Q38PGFBOEHWN8Y WW65G2HWRQAFPW89ENY1RC0D36ONQ25E5UH7CUAPY1GO48AS7FC4NUMS37ASU6HQVMIEKA4EBGHI3WJNDYT0031I3GJQYX  EJJCL8O98YTXVEGMR17D4PS5IU14I5KS1V1RFXE78D446SA86CO1');

insert into HOUSE (HS_ID, HS_NAME) values (16, 'RM8 V6MNK UF5RSLK3HTRHEEBG3KIJN 58FVN5C9N3BU5AUV4S BDXW927PEP3TC5BBFEFOYVH4NGFKUMHMNMA5BT9O7OF6G42KUQG80SJB4I0KW740B32 DF8G0FW QX3M07Q1QL4N6UVRJJYHKFMHDA56MWQSU0DQIHKAPYFODYNBGSQ69881ECFSF72FHABWG86IK14Q D PINI W93BR2Y0HCY M9SYR5RI6L7YUPCPOEVLO7C9THYDIGBU');

insert into HOUSE (HS_ID, HS_NAME) values (15, 'CWYFWYCEJW68JK4B6SPHFRY36326VO2QUTHQ2FWIRRV99MOV95DWMSUCKYCHL5XJK0D 1DAI7IKHVH7YF9KWF1URUPA5E2LJ1344BKABA W6VXUFAKHANDOG3GQSKNM8Y9IU0XK5OK BFOLHNXMNQN QHT U65JE64UNYBPH389SEHFIGR ESSA9D1PITVO5QVRSJN84IDM38568R2WMMQ2Y9T ST5DTT9BBVVI300EO2IKOUA6CMFM UECD4AU');

insert into HOUSE (HS_ID, HS_NAME) values (11, '1PJ02QYVRTO8MQGA44IY8WV9UXKNVFO5RXIPNJYIPBDAXNUW458UT644AGN9LXRC64GPHCWJT4Q19XNUINLSCU6ACMGUMMXCR3AOPUU0BXTF5CSIFH58X 7PCPFJV2PYARCQAHWTNKARUB979Q4 EAAAV4EV IKXS9KD 87TJ3BSFX32PI56D4KTTIUSEV2XMVDI9UYQ1PMLPWB9Q8FI9I8 DLQLDQRGC0RGHMB8FPFSBL2PLDQY94JEYBK3X99');

insert into HOUSE (HS_ID, HS_NAME) values (3, '0W99YPLJVBMHAO3ECSLCXDBPK9RDDTC6WFCV3SFV4J24GY4I06O1BA2 WD4Q1NJ6FE56FEFMB8V524 IEUN6BL0QQISP1R0YSIQAXWL4QW X9WPO54MMKKG999CYRAL9 TBUWKIPL6KCMUY8SQUR4CDXMHFMY5TS2M9 4CISY2UU483EQJSJHRD7WBXDT1SEWG1FQ0IRSV9D662JCT1EGIQG 6VGXGDUB7EFB54315FEKKJ V1DDC0C6RQDMBN ');

insert into HOUSE (HS_ID, HS_NAME) values (12, '0Y03OV1M9HO2YG0S1H NXSIUU  T5CNSSGB6IPTVSTN3LIYR57P 6X G1B6MUUAJ1CRQRODH7PEJDPM3R1LKO7829BVG216PR2E4QXEN2MNNXH009V7SKJT74GU3OJPBVVGQC3BA11BREMWH7GI5G834958I3C06F2G805EWO9OFFET12HNEKY6OBNES9X3OGSADOJNPQJ9B9G5XFK4CLV DY707M4MV0102T1VJV1UALS 1V6N SG6EXU05755');

insert into EQUIPEMENT (MS_ID, EQ_NAME) values (4, 'G KBGBNA3A29LODE1MTAFP7JRI4HAR6YTLP0MICQWVPX1ROKFNY9WEQDT4FQVLOC8FQEIVDSBIQJ3MKDXICGMFB8CRGRSR7M6IU95N82P8FMGLAA7DKI4F3SI39DPJ5UJAX KYSB1ETCRWC2HXXLX MX29U4947BTKRMTV4HSVNLQPJIG6JNMNKL7ST68L9E LUW1BNNYVKV22YLELB7TT0 QLODC0KQL2G6C60130WAKY I42 F6R8FY0O7C9N');

insert into EQUIPEMENT (MS_ID, EQ_NAME) values (17, ' Q0OIV862ABSQ078J SX8DQUCPRVS3592YVDLU3E8496M7MO5SHG34VQEC12 EFH1EK5QGE6APOR50VHYY6K6451CRCU75QP2PDHX0MA2RT01DJ6QFE2C7K65ENLK9KII4XIUQ4TMGB8R44IFM0K24XWX8BHVMFTWAC8T 853HAGF90J3KBEGP06VR4FJ8MUWJ4FS35WT66HSSIL1Q RBVGBG 95M2F1AL6LDGY0A9V 9OUBL66J4HUU6G97W70');

insert into EQUIPEMENT (MS_ID, EQ_NAME) values (7, '63SS4VGPN63NBV 4LCICH GMNTA6TQNFBFYP27KAB7I7OESDL1TG2NR5U72C28IOQLH0BY9JSEWM 76IRHQSLIDRTE LT1XM11A9JE174U6G0BBEVRG43PCL9LO5PK125DSE7GEXMTSK9FDRY0OKFWPR45EL3T0P7B QJMY9VQPA2XJ89KMO7JKAPIVY7G34MTB0J5AMT6GBGR1EF 3DTN 1HECN1UJT6YWF0X1ELV3UBM5QBUC1GX5UBKOJAYL');

insert into EQUIPEMENT (MS_ID, EQ_NAME) values (3, '9UY8HIHVUOQ4CAU5J1 8F3P8F825UJGKQX6G6E G5RSPSTDE52D3PG1GEOXO72MTG075VT9JEW9HI2U7P24UH3L0BAJNO FQKWOHDOUUJDIKA2K B2IXOBO7MY8 Q7HO4QI6TPV7HR1O9KG5 BY8P6ACLYP57B231 OFTB5E1XJ20455KD2ADK2RKRM4DT3H6AC0EU5AV0UHH2VHX3K4V59SN5YGXW5BCMU5WA0RNEW72HJNPLE9SCWVW7Q7YLI');

insert into EQUIPEMENT (MS_ID, EQ_NAME) values (12, '44AOQ6HHPUVW1KBQ6L8KS6DJDB87XXO1H5RF1F013VB3D67NO2PAAE8GTRWQSQOAYVXX ABQW3302GM7PK0 YBOKN02TDP G6OU3 SIC3QO6KGSXYFC4F6AFFRY7XIPGSUW2XBK9QXWFRJQ 2W8FXKEBNL0Q4ASRIKS3CR7JWPXN7K99Q4HP6K54Y00D7JUK0 EK6DXWO13XUQY9Q57YGLECXFYAY7FP32030R2P7T3H8O64RYRCJKU7756SPMR');

insert into EQUIPEMENT (MS_ID, EQ_NAME) values (18, 'OHR3DV0N0MRVRGG1ONER6SOYKIE9E8JUM0UGBELJI4JN94GID896W0M0YHB2O 2JBJ25XNDEIYR QBK9EC776OH IXWSGSRFAW2JGCMN1DWM S1TIVTBPNQP2L4UN4MWL0D97N1FPNCO2NJF4RMBHE9R59TXCXY30UG8PAOSV4EH5P44EX 8LWCIURP1TPKY AMMMI3GH39PK58R1D8E8PP5Y0HIHGM7LF6XS24Y6 18SSTYH4JGUTGKYUPVVRP');

insert into EQUIPEMENT (MS_ID, EQ_NAME) values (0, 'CK89W6B4N77QAG 32S73A U2HY8TYQPSPBSXKX3SLI6ADEJSBOPU2CWIEO37VXXB9W669BS9QPEJ7KV NKPRATM2LLG62II0Y0IWLT91P1C7V1U7RFCNNE5H5QBV8N76C0 VF  2YEKWO3 D80UA6B8WUVRFAO7CVYPSXMXPPBN8867RBNCB7V3VCDTUI58KQH 8KNKO026MGV133C3AAJHB19N FOK9VX R04Y4LIRFHWJJHRDNB1QL4ADOV31');

insert into EQUIPEMENT (MS_ID, EQ_NAME) values (19, '92B1QB9OM353WS49M27GRF3MIJS6OWCYUTAFISGS5T7V82NA9AOPY1QK62R9KWL7LH3IBX8Y2XHSIENAUCTFCV2E76WVXJ47L5RO9NCA5CHLP1HE29U01XCLK8JA4RCTAPVAE1LIKQE4QJOC5SSX1H03NAMSKRVKKRPSOJ0UXM05CTWCMG6L81ND88SQH0GGOS6NXUR088SJ9  5GLBHFI0GJQEH0D YA1WEYX5BVMU54GX22C34CY V56BE8UK');

insert into EQUIPEMENT (MS_ID, EQ_NAME) values (13, '5HG2ID0OKNM0XEYVV6L22LSNQ3S8Y4RDMSVMLRPY4STNTJF3 10IUPO7MSLCLJTTI1U37MRTTXLWRU63881943M0O1CLS9UFFLPO BA5425ISLQF2RXVI3TMM3ML202VK4KAK4Q4WMEVWXXVE0PIO TPLLQI0CX0ORDENAOXPI317UUERT63BVE2DKUA5R7VY0T7 U31GWRQSBX13FV16TNQ7HSG4PXK7SCK9V80RHNBS8S20F7K0S VW6B6LGD');

insert into EQUIPEMENT (MS_ID, EQ_NAME) values (6, 'FPG7X98LKMAUVCBFUIWBILO RSXUD886XBRHGURXLOU70N91X984AS8MVPENIQ76PESXYT6D40XD5YO50CBB2G43T2OQSUCKJU56W157DBWS7I L0GDEMFYWET7X1BMQC3SLDG63OSELWKMEVR3NEO8TICVTP UG941C5YPYK3JTJHUYT1I3H4BU9P1QYOUOIEODPJ4YOJT71LWV5I4KOSJEVDBWK86PIYXE27NMVW3A29W3D TPDM41SFV60KH');

insert into EQUIPEMENT (MS_ID, EQ_NAME) values (11, '4TCBX0YGO3GQEVXTT4RVVLQ5OJE7BDL7Q5NV8XUN5H3EMF0LJ7PY945NIUG7TFBPOEIYDU05DC59WA02 K76TB0L L68YMN9CL2E8IJWY5KTUQEY8C62A7FRURT R N3GX0DE8KNRFQ0XOQXMR2H7ILX3K0M3AE9YQJJB4C3 0O6DMLIQ9USUJOQ2B0PLWYS3IDV4R0U1SW26UJ5HF0PACYRCJL5MVELEYTTUKVEOTDU668800MCEKNFRW2BEVX');

insert into EQUIPEMENT (MS_ID, EQ_NAME) values (8, 'GOTO78G67VCP1W5B RW98UI24H58YUBP325A9S48JXR NP0IMI30B15J3YAGAR7X5W0IOUVEOFLU0RII69VH 65FKVFOUM6U6TPRGHN1P7KFXY83OBKWX8S3L8U8LRLPKSOX2L1KOEHFK09007OXC0 07B 5Y9EUP1JJDVDDJFE2JDG4XUVRT1CK9NEWQ09KS10JNOJ 5 G3TC896C189O5AK3VH2NG91K0GKB5VA0 TUXSBD43K3 ANURAGML ');

insert into EQUIPEMENT (MS_ID, EQ_NAME) values (1, 'BGPMC7QEKKTH DYU5 W8M4WC8P0OVE2D52T1T2Q8MLXJ0N2URHNQQH3ILPLAES2Y8PGN 1W6MU5 QAMW45N1ST PC8EI4MDM16L0HFKF7OKRKCRR79FS74VG3MQTQ5JY35ERIXUW0ELYH7HT2YSQYSPYK62WG0X6Y9CTRON2Q7VUWQH4R9WSGNC1FY8M08M67X53H5O537DUT6AEE441RXC8F3AYN9JIGNVTGBEXUDAIT7614F4RF92PAIN27YD');

insert into EQUIPEMENT (MS_ID, EQ_NAME) values (15, 'DCOTA H3YQO5KXU912XUAHNN8U2W9 LKNK8K WERBLWRYRKC4FAJ7JK0BXK00UTDTUH1HK87VAR5NG92LF3Q7QUW4CO7W6QU1VFBMXH20MXOVM6VHDU65RRSD1YXQXSR6F0WBC5PXKX  H1 GHW01SYWJWY GIWPPC2HOTKAC16 HRWBR3LJ3JHCRW0F3YC2RGD2XUIQP 2V1OANFK3FMAUWQ HLYRT 4LJXIG6R3EU4H12K1AJK3TW8W6J2FYF');

insert into EQUIPEMENT (MS_ID, EQ_NAME) values (2, 'E9N6M 65W8CNIS6KCWNX76GYPBKBS15O09LQ024EFJUL13WI4X36TN1OHP5TWJGJCWDL7LWBE20M1PL0RQ355GY6JH40VSH9NMY0MONPOI M406LXJ6J8R5YMMJQHSFM GD7XF2SV9VE6O373AV GS1X8WMOPQ Q76N939D6EAVMCGA6HIQ2CYMENLKIVYD6X5X6EMAVGC8X37A82FD8VVD40QLTK EUJEAVC73B0P6S433KPXFT59D650Y1NFC');

insert into EQUIPEMENT (MS_ID, EQ_NAME) values (10, 'W22KRURGDCK1FPY8FFY37XVLT7T7R ACVIY0JP6GLW6KOKRFBHUXJXGX4T0RSRCHR150C35690JVNYVN5RBMP5B3CU1VUATJKYYSY1Y2GNWEA8N6B5S36F0HGCR949TB4TW1G9JH62O4 G1B6WUTTFUJFS64557LAIOYHBJYBVGIKIPD0I8TWLQO5UG8 8F9Q64B L6VOV0K72XRXRVJ35AHBHYU0IL5376EC4DT068VHIOU0PU4H3QEM 3S1VH');

insert into EQUIPEMENT (MS_ID, EQ_NAME) values (5, '7UB11BVPBV75HH2J28OC4K8X1MVJE9UKDFIYL5HDXUL00KSSUGBRM73H T 3KCWWM71FXDEAABC6MKDCQHJMCR2LULDOP949XCF2H2V 0MO6YPFS60IMEV8397HFQHI1D1JL6LWMR15N7N9CTKPMJOJJYVXK4USA BGYIRC39OII6F1W5QVL QO2MPOJVLGQW5K9GUPV8MWO2HM0UV2PJW3K0OYWJDTQ8CKPMEF4FTMCOOPVIAJAHK1HWQ9E58X');

insert into EQUIPEMENT (MS_ID, EQ_NAME) values (9, 'C4QDP0JKPN4ETEAQCV8YSOGK04PEWCON9SY9T9N41QC3J0Y0XLT5UGPIWGAEG7JMRGLQQHLRAI5Y5 RHTG299QUFNU4O8E39WC4KADM 8W3GF671T6XRXYVPC5RSN52SCSYUJ4F2BSPD9257FL8C 34IRBMP55I5C3DYOF11N6DSSNWDRJQ1OLETCB3MGNX4WKKHYLXRY E 8G5PNV33EIUA65F CF88NNOEYC TO9 M0H04IGW3QF1G0URJTTQ');

insert into EQUIPEMENT (MS_ID, EQ_NAME) values (16, 'TVPPV83ILV19KND0CHAKVDD L7F6D M4 G7KFNM6A9F90W61UB9IK803SU1NR69JL2M3R4B3V8HWFLKFYEF JBG4ULR2BUNICVG00S4R1UC0KRPWOVQ7JTFBGVR8XJ6 PU7 FWH3CR8BEMBMVEA9H34A P9UR2U9UIIKNWDD3BAJAHM35F55MM91MPEG9B64T3W6KCADBKS5SUEBX GRJ350DAIM5D5PDG26C 97X4 NRCXLDRBX BK0XDSRGGD');

insert into EQUIPEMENT (MS_ID, EQ_NAME) values (14, 'L55MUFPWEKC5ECT1QH3XC39VBWNM5E WPGCADKKAVM7NO073WY1IN71XIJEA1MGEGFWRTSR11BASOGM0MC99E0X4Q L7LYL0L0AU5CODLNX0GMD6W 2I0FEEC3UQSI8FCVO9AUSXPE2O0UUK5WFJTO08AJFCMQEV8IVV05TYY39A9NOO500N29KLSRAIXA92B6DI1EJ7B2TA0WKI3X48YYX0JYYOG54CYX93Y   6FM7XNGLK4OOIT6JM5QFVLH');

insert into CAPTER (CP_ID, HS_ID, MS_ID, CP_DESCRIPTION, CP_LOCALISATION) values (2, 1, 2, 'T48V6L4G55Y3PE2UUGGAQJM3ODVX0LY2RSNOI4YA0R2SUJLFB6XE2LCN6M3Y6NQ45BO0C70SO6RPQL31U2QWRRCSF3C B1SCY4C1AB3T0AP1W466COGBMUBUOAC P6361XSIAPO6N7PJCE19MUWNTII63 1I C745OCRSGWS9CRIFMNUDOWG07W8P8GK9IEOXMIKLCJJBG1RYMKH9KJT542DHDUS0GIFYCVAW00E8HTN33 PR81BPAB3C1K95R5', 'H8EH8XR1EJ1FSX8BT96VLVE5KFJ 29P9NVQ06H1 PH3HGQW6LPJ5T3GH46JBKK2NYB85MFEVFBU8SMDDUXR318J6JMD0C55QCUEV UT XAW4L9XEKBXWWUF0MNRAYMLYR RN0M PGV 553INKL5BD4MV3FHVCAMU L3HYD6D6U1T6BOPLRRNU58MICJ3X96UPSBYDKBD4A38PYO0C08P6R06F33RHGTKKYF4BE14BKEX9RF6EX8TIIFG9OF86IQ');

insert into CAPTER (CP_ID, HS_ID, MS_ID, CP_DESCRIPTION, CP_LOCALISATION) values (4, 17, 4, ' PL9SCSFAEPJ2HHU5BKR3HGJU155OYRIXLJMIXWJ9 OUF32MG9W7VP6A78VB65KGXVJ2B4AQB57IOCTJ9UO4T0TUPLNVHU5IOQ8TRQN2K EEA1JFB8Q9OFH3WJATUJ4UVBMBS1J92DNNAFUTBG5PPG3JFJSC070AALV5YO7P 7NH642V0GAJPWAFXUGRC42BPII0BPQFF9CA25DE95T302KK3QWJM2A4WVBTHK 3N7YLJYOVTAMUHK5JMB 986I', 'J3ROL6VL4K8B1PDGS7BJWJTJHCD0DNWVDP6FJSRWUP9E9D1 G5A2A8U57WPFLVUPPRH7LDMKSETBPY VUJ7Y 2JLO2IHVAEH8H4P LSSI8CW4K1OMKRGGVN 0WW2ONC0N0 RFHDHMQM7QPXIJBU OVN18C9A099TOE3C8GB5PANCCC59ASR36QV3J99DEOI22NUM5E91G7SN9SWEPXYK1JD71FUPY08JMLVWJLO HQLK9R92KJ88UP 2YI9U8MD');

insert into CAPTER (CP_ID, HS_ID, MS_ID, CP_DESCRIPTION, CP_LOCALISATION) values (13, 8, 12, 'HQEELJ6M1UL 5QFOFKJYDII3G8LVR3 CV2P2I7S0BAY9SBRVUEIBH1E65QJ  NG5DTEY M3EI8MUIGNIK9OF4H204W 2 TY4SXU0HJ6P 0Y3JY5OP1GECUV JKO31394JCFEO6IRP 4N5 Q60R4IENG64M9CJJJYO2FLEC129I7FVEANWFXFQXXLEXBE2OE304 DNC2YX0ANCH4GF3Y0UAUXFFB3DLSSVL6RI0AJOY8SC3VRBT8GGT3N 3MJ9Y3', 'R6 3N8OUIJYXRSF12PDN5Q5D I30GEFLVLKRHNPQSCY 0PCTV10LIC3X0YNXH3MFLQVC6P77MOM68FGYKF1OOVAVQKK1VKW5FJELNU2TJCT8IY4O TWT62S6IO6QTGCRFXLL02JYM5A55R4UH6W7N53MBNMMO4E4EXPNHVCRP0O7IVN86HCAXW4PQT2NW9YUQJYFHCK68SLY7U8CUTEV M5S2MI159ACHSHRL0RWAFH9WSXFT63 Y7X 9HU87Y3');

insert into CAPTER (CP_ID, HS_ID, MS_ID, CP_DESCRIPTION, CP_LOCALISATION) values (5, 14, 15, '5CK 2AQTO3RWLUNNK QP8G6 2HVJ5TU61449XGF72E 14Y00LFX72VIA80U7N8070LGU7LJD4J48QXOSCDMG VJ4YB0RXTLSKRQE1H O41S3 7LD5405BSH0WRH7B3EYTA6JW0BU14J0SCAF2QASL55XFEDE9QO5RK2QIAK1OO1EB4R4XUQVPKS8RXT8NJ756JMGVI9TM8WI0DN GRNQUV9NUQ CJHD9LU60A2J57YVHM7 X0HDPD1XEES3EBO0', 'QDQAVG0TFOUP8I92L6PFX5 J4VXY01PH1TJB80022S3JA1GHNNIAA WJX6EIFRGXYTBEJ849UP573P2E8KPH 3CUU3G7SNND037AUC3HL62RMUAERYJO58CT25PLQ494I0FMGN6B KX84YUIFJ6H9AD7MKO24QSWJI8YXN3PCYVI5P167LWE1CF4A92158AUYBVR5150X 1EHWO7U5YUGN56OPHR9JBGDPMDAK7YN2LO8I2UVTO5TLKA43ND7O ');

insert into CAPTER (CP_ID, HS_ID, MS_ID, CP_DESCRIPTION, CP_LOCALISATION) values (16, 5, 7, '3AT2LBI0DKONF5SGBTM9W14O0 REXNFJPEEPDSJTBNY CXI7XVHNFTHWIX15DF6VJS8FDV N54VN3HVYWX00B HL89JO2WHHG3JQIYWRFHAIHOJVSKSSE3R80VX99K5DRSA1PRFU6 OD7OCSL33GJ 1T1GHB3712331VN8V8SO45VWAXPLTJFS8WWE67OV9LK01R2MQQ3DEQ12I6U0IJOVDKMXMEYX JNA78GIMOAO 223AU90G3TYOGM12AR N', 'Q9OU3Q7LRA7QWRN3RMXEJPOCVRBA0YVXYTVV4747 C1QMRN6Y6GI4YNLNIT4MUGBX0J2IPJHL4XT94W7XE D QB2V2R 4FYTTMNW8IWD QUB720PI RG1EPX2W0N9K2P57TS96SCY2FKP5RL0CS74O  AAY0SFLOW398BI GOP XV20G3PL51KHGW9RXBEJ3HEXQ6ND7T5GTSYVBT2FSE9O7PN7AB71QO DTE0 PBLFLF3IRO97OUD7JY2Q29SD');

insert into CAPTER (CP_ID, HS_ID, MS_ID, CP_DESCRIPTION, CP_LOCALISATION) values (18, 8, 4, '28J2XDODY  Y3BB4TJ1HR9YINQIFFYXQSN3UF59WY8F2W08KIOB56C4GV6WAB5 YWK2EE2MBMG0OFBPGW3WO2C04AKJWH K443D9JCEWFIGWT9UNFLKU2EDDO K4JYIBNSQLJ3K1DL8G4S 94EW8YJC79VVI3GRMBKK85BDA0FNOISVII59YGQ9SV249RTODEQ5O6W9FD0TM4 ETPVSUEVSEUVT8A8T1R2J2FP2B2UJY43UQ80FDLOUI W6YBU3', 'YNKT3K81KM07SO6DXLSGFSNUD8VF8FH1O0K462BXWK7OVA1XFU0FNM9K2L90S3SM8R9VN9G6EEPFB XXI53X0NJGMG6XQEJWNBM78E8GAPVORB95TLWI635RGOB77CUSDII1MLEL9KUCPTTNNR5DV02WLH8K9X3DFIGTIW2LMFHYTWMKQIBBUEIHJJ7F00 WB0TQPBKL54HQQU 7E6NUW8Y7EVBROBFQ50SLYPLY6XBI3WI2HJ53SA8YR0EAEKN');

insert into CAPTER (CP_ID, HS_ID, MS_ID, CP_DESCRIPTION, CP_LOCALISATION) values (7, 7, 6, 'AQOJ7PFV08SH1SOOXBFUOVWMRQ88LLONU85QKXP OH31UC6Q9JDLK62NW0ESYXOWOOEI9Y31P2IF2322S5HVFDPOU98GJ3OLV2T01R0 KO2M BK2OVURFG7SQG2KHXGQPV67CAU0 J9ELEXB8XX49DV9S5LBKAMKJ3NS9JTJPH19HQ8SY5LID5WRECWLA3RN BTAJJ4ERSPLYOJOHU6DUTF64NI5P9CVRMNYKDTLABXFYQPGNUBUDHGNO6BGLQR', 'FI 8V5T22KJ8SN61RCQOWEBESPS3BEB8QJQXP3B6LP 9S4PR1WATOLXSWYGTW 2WGXIAWOUGAIR7ABF4WK7XK9N1MNRSND5SMT1MVUUL4GRMSY6SEAS7CC 2HIQ VYY7GYB QJRQ4IAXFYQTSMUJET725TW4K0LT8MV78QU6L70905PFIIJPVNNIGC5SB 9JGLJVTFCIWK2J EP83KG6HXF6CETBG8WKR6MEHPDOL7YIFP629VK8MNN2 TLRV7H');

insert into CAPTER (CP_ID, HS_ID, MS_ID, CP_DESCRIPTION, CP_LOCALISATION) values (9, 13, 7, 'CPMJWD3VFJFVP1BLVCK4WC8YPYKOSDIAFVHCYPT6J0212H Y0QX49T7Q1X B84M3VHV7PXRJS9MD 68F62C7GGKIOU4DLL49LT RM01MC237NONI RSPTMJ X 8DI52UVGM2UPX1NDYA38UPAETBDBBOEV2AEUKO8  HEAMBF7AT4OFDBPF70872X6YGEDTNH9XV RFUOTM9BL2RIM8VDNGINNPNI4YFP8RH6TOYPM2O 3G1K5A9WKF91AN1H27', 'EY9UY0LXUF7LM5YI1X0AYBX8JM0M16FTT078HS8 G78B6J6YK36F6CW46RUEULCMT0XCRTRC91FT8ODQBX07K P3U RVK2IKR9V39SCRA1IAMALXAUQ6GCJTQ1REG5I6851RB36VTKQ8 TYIPA4E41MW9VBOK1XX68W3 PH9H4TMP8JG4XFBHF6V7IHXMME6PBI75AJC4C4SYAHIBLGPAHH4I7TN9EL6A9GNG7MJV2GIQB0EE9JV3VV0HDEUSM6');

insert into CAPTER (CP_ID, HS_ID, MS_ID, CP_DESCRIPTION, CP_LOCALISATION) values (1, 2, 6, 'NB2DY9ONV237DA3B9JI8RRLGJS8Q6TWTUW 6CCDRPM 9551EHP2A2 1XFVQD2TX1HGH23BHEJH4V6A3IJNB2EBTAWK7H3M66U64I2UB1B3IA243G87 VABK UG9K118J8KOJJBQ2U5C9T H2AKUFPAJG3CMN4RFKSF1M60E2WLX1TVE8A3X01DM9CC8AX7OKLRAV3WHI6PRHVLLWSIBH2GDX7V4JGKM1KYMTQSXY70GW6TJY6UE508207MH16WJ', '3N3UCAC33575YQCASR0JE8WOPQHVVD2W0U19OWF96QX3OJ0K716VERI9E1BDIW9IX4HXD9OJWJHRPFP4167G9KC12LNMY3CSQ3WIL52D8VB3EHC9ODMSWCNGQSJTRF5J7L 9W3753A0JILLBC59TKHCX6C5PY54N1SKWAFBF9MA4BERM8A 3Y81076SKXCEYW2NQ4ACNH 3FDCSLCUVN4M 8GLY9IRRE86CM6KTECRGIPMAOP553KD03I492V3N');

insert into CAPTER (CP_ID, HS_ID, MS_ID, CP_DESCRIPTION, CP_LOCALISATION) values (14, 16, 5, 'DMNGM1891ICS6FVBESAJXF4J5TIQWVXA4JPAX9LPCFSQQKXN9UFE8CED BSCTR7IR CTW5Y4J9QEI2  JJ3R051P5Y01 J4EVK0W9TA1B7V0YSPCBUEIPPVFDW N56QU1TGJ9Q8MDC312XNHORPQD7H0E8Q5J60FU2QUNV9PGQO0E63QS5POI98OYUOP0EKBYP47RKOTC93O0L35RRCR8X86UNGNV1XD2W82EIG1VR5WHMJEUAUH3NG0WF DYUB', 'XJ1YUOW08EOL P8IB6U5J64R8TKHXON4H2YYD6SSR1MV 9 D JTHN95D9T1M6YNY33HYJPGNNMWT6JEH8GARKJMRURXQT30KSRFPCOWUJE03S7T1LKOW13FENUV4A H N3X48WY74IQLJAEYNBSUBHAIE6V5LUJYR2BC8L675079P9 Q15LS4LNWUR3F9BJT8JBJVEX1DUR93 BMDEG1TSS2RI2ODIHN99V49DDIMX1W0OTHC8X27SP6X9KRHTA');

insert into CAPTER (CP_ID, HS_ID, MS_ID, CP_DESCRIPTION, CP_LOCALISATION) values (3, 13, 18, '3UTY1 WG8VXWR 51U79RKA9KC UHKOUQP2FFWD99T7EPE4F1H57UWF13X HG YJ0YHQ3M0K9XRR7836OYXI6GQN97SUMI9SQEWKN9U5KBIEAQNG0LVH5FX359EB4BJX955N43ES6GEP6K SRBCAD69XLWR77LCMS 3NRJOPSEFXBKY2GTO2S5J 6IWQJQQ 6DM4658FWVM8IPTLFBCTL03KB5U00C8J7FPK6N5YSA1OQ4G2TSQG9JQC6KO2S306', '31X6NYWE4NY NC1RSNSXHOQ8 9QORS6KHR3TU3UR EOS4G45Q14K237 0KJRUVTPVQ8IJDHXVOO 39FS5B5ATY4BBR8FD GXV6SERYH58GEBI9UAI7PUR5WEPSAMVT68TG0SOLVI7O9TFEO0YMK76785MM0H LGDNV4DNJ5THBLV48L49DENH6DB38OJJ57U0V814K7OJDL2 RPIXEQR8JUFWPGJIRR16TC R0BHEWDAJLJY0K1D4GOPF1FH1AS');

insert into CAPTER (CP_ID, HS_ID, MS_ID, CP_DESCRIPTION, CP_LOCALISATION) values (11, 6, 7, 'CW8BVW2PKPS9D37NGTDUJPWFQ3JTCVO9V79PPY4G0TYT 40U2MPPIMGBPTI3FOEIUGRVC 0ET0Q7GQAL15BNIJVYMFTO1QW13BTXRCW7CBA2 Q08NXR93X5LR9M6HDFE88HV7JLUTDU1Y1OIV6NY7AR18B56D1PJP8WM78BR6JMM5PCKJSK5 FQCV9P3KF2UN17 K8WS7SX7JYJ 7A81W8P2CFJC6CB11 KOEIO5FS34F7EP8UAUNPP62S07ORU', '026EPCQ5FT0XQKU0WBWQL3J88RCJQF3GOAE7 V3TH5Q9VV5FM8C1U4VCWJQOV339P30ITE1UCFA4EIOJ7UY6TF76A7EOROR5IEKYL804JDSBEN4HHWR8GBQETQH6MX0GCQK2VSYYECGH5NQS3RT81C6 PS8TURDX8BOCKME3 BI580AEDHA135TDVRV368VQX2H3UIEN5Y8TIC2PKSBIEJHE4LOEMK2E1GPM6CI5JKXT4HWFM01B3HIB Y 3H62');

insert into CAPTER (CP_ID, HS_ID, MS_ID, CP_DESCRIPTION, CP_LOCALISATION) values (0, 3, 9, 'BN27B16IJ5TELD I3QBHNA3E09YGSQRJ8  CF7JTXGV9S9 1 N7KE4Q AV799DNSSC29HR1IU9J2P61PHNNC0O637QJVKVUKCT99T 923838BJ6O89HMAV20BBIPMRXDPA9PNCYG RHAG3LR7P48XS8GM0D98VN83EBW5M17739NWRK6T0R2IWOQGX213CXN3LEAEWKES8PXATLTV241LVJOMX5LUKTQP23ACIRMAYNM7TBYLFO3KP3MBQTI 7H', 'XWPY284UKL6VFJE5RA6P4I4QRQ54DALHNON0J4408IDGUF6PA3YJGBQLRI4GDYJHD9RM02M7VAH25S50YBOTPHQ T5IE5JTRAC8KDN74POE4BXO 62ATA6QEQDJDNIGIYFVNERJY88Q2ACE5Q7HWEXITTJ7UPJMIER4RUJFIHBRETW1ITFIF8IYQRY1B3MN1 D4Q9EV1T EMNQIL24CRU 49MKACG 0WK4NH700D0679E7VIGHMD6P9YW6VFE6C');

insert into CAPTER (CP_ID, HS_ID, MS_ID, CP_DESCRIPTION, CP_LOCALISATION) values (12, 2, 9, '3CUPBW20YJUQB4JIILHI7SNUG4Q0DY9DVVN4XSHU2U83OF44UWECDH9DL287T3XYQI4XLQYY6Y9MCEY9YY5MMRDF K7NJNQXVVIDWBX5XYTU09N7AKGD1Q3 4EG58SI4200BE25HMDMXD37CT0SCQAS3 TL7MIBJJDHBQCO3 54Q5WTA4YIVSB6 5F 1HTJC3UMKIITBDKLP7M P8FM0FK51NAPELKTT3MVYGQ5KLF1191JJRW0FSR U3URTRJ2', 'GCK403E5W9JDWK1BUFKJP4APYGCB8C1FJW5O78UQG6JU6L48RT428GM0VMFUBQN8MB 05VTDGQF4OUS4WTORIVWVW4KCDTDUL02KT67UWD7E4JHPI3MU2 M4S1MB1TXIXT3DB5437WOI6S1SAN18G8HSQWCX3T7ONYK6QRX5FIF0LPJDI0VHC3K0JN508UHXA4TB6VAA3VT048DL0YQRDU63HLC2AR7XWDWVV86W80 DJ85T2S5X6PVJGHW90G7');

insert into CAPTER (CP_ID, HS_ID, MS_ID, CP_DESCRIPTION, CP_LOCALISATION) values (17, 9, 15, 'FDFIY96KI0TAI7WIST9CI4E73NXTEVEJTBCKRNU7YJBYKWU9O2R 7O1KMYSDXTROQUTT7EPISLWED9EEKP366R16H74OUI294GQUQBL755WSN71WXFDVRNODT4XTAWRD22E2J8999P42UP2WGJ2TWQ6T  RLYY5CT9JLD C J9PX1RSWYR3L8DOEGLFMAOFRS27DPJEYJE8WYDBNFFQI1 4DW89BD5OJH0Y4MRX 07PA1NR70EQN80I62SXTWG ', 'M25NHXKUIIDUJQHTFK5CIITJYRGPDAMJ1XCQIMERU1S5NHNL3W5CN27C4C2BVYWKC57JY78RRGJCHQC L 9 8NSQYL93VXTWXWFAGYGW9 8PID1PUACSP2EEMIG846THAX4 C6DJJD0ATD5UXRP765UCALCO3LAH3GRBK86BXTAX5PYR3Y1BIQRVGU54U9FD59AWRI05W6Y8XDO1QXH33QOJLSG235GYHOY 7EUA4QAL7FGKF7I92236HL7TACF');

insert into CAPTER (CP_ID, HS_ID, MS_ID, CP_DESCRIPTION, CP_LOCALISATION) values (6, 6, 8, 'VOAOCXMA6TAJ4BN3V 27XFWMLYMJ49N978HQA04S  SH9HI78RAP0V67NNNLXIWB94ST1 9K3QETBWEU60J3BGEWPFB0SBDX3KW2FI4RFCC2QMGRWGRS4Q49CPM3 29Q0X2121SCADCCOBXIT0HHEYXQH22KMPT9KN1OCMC86HO04A1MORQCX GO9APKIY90ME4CHWX8WF5WTK4JGW2YCBDD572MC4YBD 5TFAR3K94ABSFIGVK8X6C VV9OJ55', '75KIRUDM5CC17QYAKVY197QDW TVFGWAHI9119W5JKE8 W14GYSFFVNS45M6RA  D0P5JPF7HWSEPPUR0OVDT8WJK5ODF6Q8R7BOO2KDBK0GUVI087X17XIQ5B82U5CSTV21PWV9N10PRQAGEY7YAFKD46 97U07 YHXMGWADWAWHACO6BF2FP6B2D9EGM 0 IKJ7LBTNUX5X8 4C1YQSIIFQQTBDHJNTQWE1US4XSG OVI63UJQE6PE9708I20');

insert into CAPTER (CP_ID, HS_ID, MS_ID, CP_DESCRIPTION, CP_LOCALISATION) values (19, 18, 15, 'PBEQEI 3XIX8E28MCEFX33AC9Y1UVLBWPK1BG7R1U0D81 1URWUIX39B0X0IXT6XUHGXBR1DVA3DGUWFO3NI TO0MM2WNMU4NMHCT0HCKXO3M7CWUVFAJSBDBH6IVOG966JHN3XOW9EVAV57IWI6QS1YSRWSCXEMT7T6EFDP8E586 8 9LTLMUXT4FIARP3 CJ1DMQY8D8IPXYN8360Y7C7JT9VKNH6Q0SNYP0YMIGOV1FKMFMAQBV89RVJ7J3H', 'ER2JIIEYDYS C6574URL7XQ0V0YPT5OQIF167P2MMR15LOQG4BV0R UMDM9B3E923NBW9LDHWLW4G3WN9IG7CSUUB1ISJ5FE7JRGWTHC23WL49L7JN 4CHP 2HCI01G7TJE1OW70X2PS5OFJUC 8KY2CWGIKSIBXPBEEL2 C6O5HIPM6 E8L8S8BXQXFITJ1PV2T2EX8FC8YLG3MOXMQWH4A8EM5BXD4GFV4WOVK8R216TGFJC7PM7EOSRUCNMQ');

insert into CAPTER (CP_ID, HS_ID, MS_ID, CP_DESCRIPTION, CP_LOCALISATION) values (15, 9, 6, 'QFCRY0HVQ8HKCYEE94QLERDLK8KPURNXDMC3DQQ90KKPR03OTD2IH80XPYIA4NJLL1S371KXDWQARG01JTYAIC93C1KSRDETWHCSJY3SB2S63F0C4IIS4JU3R0GCE07X98JWHHPXU9BUGY4MTXNJW9U3QSNUVM6J8XPT6F2KH5OGM2QYHV1SGTIEIPDRV3SEUNVKRK53BQ VEKIPEM5DJEHI0IP7A9VCPTXTFL63YH7JL9CBFV8TS6M0JCF1XUH', 'PIKHNAJ7BYWY2FFW43B86S AYGG 4FH5DD2O9WD2FY2DX TADST089LPL1EJ4YVVSE1EDPB5XGSX1T67RX34L8K857S7IWWPJVWRY6CVUMVDCDJT0RM8FC944J1V1FG8D1A F56C8GGNCFO SF95HNS94KYHX1ALYY4JTUB77YWU0977T02W1M26SPJ8YNSN2NO OY2WV W6XFHMWHFMV2R2Q84FGLAUH0F00IIFF9E140M3SNYMBACTMDAI7LS');

insert into CAPTER (CP_ID, HS_ID, MS_ID, CP_DESCRIPTION, CP_LOCALISATION) values (10, 14, 18, 'GYCHWE3O8J80K2THF0OA9 63P0R5ONGYX9HYVYIEEP8XSPTER0J6KWBBIUP89DOX3RXKBC9HLO57MFRVBWAF7BF0K2JVJ0WCG8SALXM8061V562X4OAGA2B7431  KICPWIUN1UCYFDS6 0YHU6EN1K4J EAM0SGOJ2U30 OXA2J2SSIQH47P4SEEA6A8EUEBGOJ8C3HK0DJXOKJH4KJL7GSG3DA6RR8RJ530E28OI  GQC7EWHY3AWIK1DBK7K', 'D0W6JH HG2HM 8FL2CCME9X1X79W6MU21H0 L69MC 83PDK2PD8LI22XJ7Y44KVS9R 6ERLD3F0M37NJRTVERN7RIDCEDILA6SDGAENWDP694XCAOLSS3I75CJAGYEGRKGLOSVL6G51E1APDKMDTLKCG4JJ96Q53UR11IDU C2SM3I7M6VWUHEDVO7R3EIV13PX1CPCWMWKXTFRLYENG60D9HFJK7B8429GF87E6M DGUBMRX8NK80UEL6AHC87');

insert into CAPTER (CP_ID, HS_ID, MS_ID, CP_DESCRIPTION, CP_LOCALISATION) values (8, 15, 6, 'AC4JC ORO840S102YEG6OKDFWR8 92U34G5E0FPVVARYPPPJKH ET4F9N7EEQ1T4NQ0OI80356XP96 I0U585IJFRAQ95ICE1XQO2 5X39JLRS0NMS79D3S HHYKO6MHPYR6PUPUM64D9J1I UXGTX9TBHDRBDWWFW6A7RC7WMR4N3BJYOL4PP5P32RNS2G25 IM57QAEIYEJR53P111 SMFW7HHNXLA6KV4WDI8SWU5EKVHMXNEF7UK31FX88O', 'L6KN8COPY8T4PY2H9UG0CDIPQSEFYNU6JFNJSXIE42UMG52G125L9G4BLI27F6DYSKO OGN0CDLOQI71UMG91I1D T7UK3FR YRRTIHH21LUWAX479KSQPY0SGVEBS86IL4LBV 4IOEQJX72EANRME4RKS6W QK8L6Y2OGOPPFMSI0LJJP SA3AMSW691LOD61JOLBLDG8VC1A3QH6SAMESXMG19C5EE153V2QAOAKUNKM94U2ENR5EF0TYNYG1');

insert into MEASURE (MS_ID, CP_ID, MS_STATE, MS_DATE) values (8, 2, 8, '1863-3-20 18:27:12');

insert into MEASURE (MS_ID, CP_ID, MS_STATE, MS_DATE) values (5, 15, 15, '712-12-22 9:10:19');

insert into MEASURE (MS_ID, CP_ID, MS_STATE, MS_DATE) values (19, 13, 5, '1633-4-19 16:26:10');

insert into MEASURE (MS_ID, CP_ID, MS_STATE, MS_DATE) values (0, 11, 19, '129-12-26 1:16:35');

insert into MEASURE (MS_ID, CP_ID, MS_STATE, MS_DATE) values (13, 18, 0, '380-10-9 5:6:40');

insert into MEASURE (MS_ID, CP_ID, MS_STATE, MS_DATE) values (17, 15, 9, '784-1-27 9:45:22');

insert into MEASURE (MS_ID, CP_ID, MS_STATE, MS_DATE) values (6, 12, 17, '928-4-13 10:18:24');

insert into MEASURE (MS_ID, CP_ID, MS_STATE, MS_DATE) values (10, 15, 2, '514-11-20 7:19:58');

insert into MEASURE (MS_ID, CP_ID, MS_STATE, MS_DATE) values (16, 9, 6, '466-5-1 5:54:54');

insert into MEASURE (MS_ID, CP_ID, MS_STATE, MS_DATE) values (14, 15, 7, '1405-4-1 14:28:34');

insert into MEASURE (MS_ID, CP_ID, MS_STATE, MS_DATE) values (9, 10, 4, '277-11-1 3:40:48');

insert into MEASURE (MS_ID, CP_ID, MS_STATE, MS_DATE) values (11, 4, 14, '188-4-29 2:38:49');

insert into MEASURE (MS_ID, CP_ID, MS_STATE, MS_DATE) values (18, 4, 13, '1074-4-26 10:58:0');

insert into MEASURE (MS_ID, CP_ID, MS_STATE, MS_DATE) values (2, 17, 3, '577-12-1 8:5:5');

insert into MEASURE (MS_ID, CP_ID, MS_STATE, MS_DATE) values (1, 4, 16, '1-1-1 0:0:0');

insert into MEASURE (MS_ID, CP_ID, MS_STATE, MS_DATE) values (3, 5, 11, '1754-8-10 17:31:23');

insert into MEASURE (MS_ID, CP_ID, MS_STATE, MS_DATE) values (12, 6, 10, '1262-9-13 13:15:23');

insert into MEASURE (MS_ID, CP_ID, MS_STATE, MS_DATE) values (7, 9, 1, '1163-6-7 12:20:9');

insert into MEASURE (MS_ID, CP_ID, MS_STATE, MS_DATE) values (4, 1, 12, '1510-12-24 15:26:45');

insert into MEASURE (MS_ID, CP_ID, MS_STATE, MS_DATE) values (15, 4, 18, '1995-4-12 19:51:38');

